Group 1,Group 2,H,p-value,q-value
No (n=27),Yes (n=7),3.5922902494331197,0.05804819170051856,0.05804819170051856
