Group 1,Group 2,H,p-value,q-value
No (n=27),Yes (n=7),8.022222222222226,0.004620683963359919,0.004620683963359919
